measure,obs,ses
mntd,61.37547309990948,1.0462865106397978
mpd,237.54393346011537,3.508353877598542
