measure,null_mean,null_std,obs,ses
mntd,28.60152466177866,1.4056588502044693,27.34815830854994,0.8916575690085856
mpd,244.59481322423144,0.7320784555416029,237.75435602534645,9.343885408872353
